{"cameraMode":{"drawMode":0,"name":"Shaded","section":"Shading Mode"},"sceneLighting":true,"audioPlay":false,"sceneViewState":{"m_AlwaysRefresh":false,"showFog":true,"showSkybox":true,"showFlares":true,"showImageEffects":true,"showParticleSystems":true,"showVisualEffectGraphs":true,"m_FxEnabled":true},"in2DMode":false,"pivot":{"x":-0.19000005722045899,"y":0.15000009536743165,"z":0.019999980926513673},"rotation":{"x":0.016246706247329713,"y":0.5528436899185181,"z":-0.01078182365745306,"w":0.8330584764480591},"size":3.662236452102661,"orthographic":false}