{"cameraMode":{"drawMode":0,"name":"Shaded","section":"Shading Mode"},"sceneLighting":true,"audioPlay":false,"sceneViewState":{"m_AlwaysRefresh":false,"showFog":true,"showSkybox":true,"showFlares":true,"showImageEffects":true,"showParticleSystems":true,"showVisualEffectGraphs":true,"m_FxEnabled":true},"in2DMode":false,"pivot":{"x":2.2450501918792726,"y":-0.34535008668899538,"z":5.033217906951904},"rotation":{"x":0.7027171850204468,"y":-0.013870182447135449,"z":0.01370475348085165,"w":0.7112013101577759},"size":16.53325843811035,"orthographic":false}